Indicator,Type
http://aspnet_client/system_web/4_0_30319/httpconf.aspx,URL Watchlist
http://welcome.aspx,URL Watchlist
bit.ly/2m0x8IH,URL Watchlist
tinyurl.com/h3sdqck,URL Watchlist
www.imageliners.com/nitel,URL Watchlist
file://184.154.150.66/ame_icon.png,URL Watchlist
https://167.114.44.147/A56WY,URL Watchlist
http://187.130.251.249/img/bson021.dat?0,URL Watchlist
130.25.10.158,IP Watchlist
167.114.44.147,IP Watchlist
176.53.11.130,IP Watchlist
184.154.150.66,IP Watchlist
187.130.251.249,IP Watchlist
193.213.49.115,IP Watchlist
195.87.199.197,IP Watchlist
2.229.10.193,IP Watchlist
41.205.61.221,IP Watchlist
41.78.157.34,IP Watchlist
5.150.143.107,IP Watchlist
5.153.58.45,IP Watchlist
62.8.193.206,IP Watchlist
82.222.188.18,IP Watchlist
91.183.104.150,IP Watchlist
85.25.100.104,IP Watchlist
96.126.116.217,IP Watchlist
203.113.4.230,IP Watchlist
149.210.156.198,IP Watchlist
151.80.163.14,IP Watchlist
04738CA02F59A5CD394998A99FCD9613,md5
A07AA521E7CAFB360294E56969EDA5D6,md5
2C641A9348F1E0CCF9F38EE17F41B2DA,md5
3B6C3DF08E99B40148548E96CD1AC872,md5
7DBFA8CBB39192FFE2A930FC5258D4C1,md5
61E2679CD208E0A421ADC4940662C583,md5
5DBEF7BDDAF50624E840CCBCE2816594,md5
AA905A3508D9309A93AD5C0EC26EBC9B,md5
61C909D2F625223DB2FB858BBDF42A76,md5
8943E71A8C73B5E343AA9D2E19002373,md5
C3DC68E8D734968432C5DD5F6DB444C7,md5
12620D0CBCDFBDB04D01A18BBD497B8A,md5
BA756DD64C1147515BA2298B6A760260,md5
8A39BFE18D912DBCC940D05D692EFEB9,md5
3CC0D3A05CD0CEF8294506F37A0B8A00,md5
B6CA04CC59805E2680D77A71D9D7BD2F,md5
451CE41809508B7F88A24CABA884926C,md5
2C9095C965A55EFC46E16B86F9B7D6C6,md5
765FCD7588B1D94008975C4627C8FEB6,md5
1CAA374B5A53E34E161C59D18CE6FDFF,md5
40D3D8795559A556A8897EC6E003FC91,md5
C34CB67845A88F1A9C22CEAAD46F584B,md5
C1A030EA830A12A32E84A012DFB1679B,md5
661CC9179A724C41E6712CE3F5AEADFD,md5
901FD9AEEACA9631902BCCD6BDD89F74,md5
1CE20B4E7A561F0AC5C6C515975B70A5,md5
DB07E1740152E09610EA826655D27E8D,md5
ACDB6D5C1D8C3F5E3C29C3605BFFCF18,md5
619528E52A31D1D348ACB2077E2FC240,md5
722154A36F32BA10E98020A8AD758A7A,md5
243511A51088D57E6DF08D5EF52D5499,md5
277256F905D7CB07CDCD096CECC27E76,md5
4909DB36F71106379832C8CA57BA5BE8,md5
4E4E9AAC289F1C55E50227E2DE66463B,md5
5C6A887A91B18289A70BDD29CC86EBDB,md5
6C3C58F168E883AF1294BBCEA33B03E6,md5
78E90308FF107CE38089DFF16A929431,md5
90514DEE65CAF923E829F1E0094D2585,md5
C1529353E33FD3C0D2802BB558414F11,md5
CDA0B7FBDBDCEF1777657182A504283D,md5
DDE2A6AC540643E2428976B778C43D39,md5
E9A906082DF6383AA8D5DE60F6EF830E,md5
038A97B4E2F37F34B255F0643E49FC9D,md5
31008DE622CA9526F5F4A1DD3F16F4EA,md5
5ACC56C93C5BA1318DD2FA9C3509D60B,md5
65A1A73253F04354886F375B59550B46,md5
8341E48A6B91750D99A8295C97FD55D5,md5
99AA0D0ECEEFCE4C0856532181B449B1,md5
A6D36749EEBBBC51B552E5803ED1FD58 ,md5
3C432A21CFD05F976AF8C47A007928F7,md5
34A11F3D68FD6CDEF04B6DF17BBE8F4D,md5
141E78D16456A072C9697454FC6D5F58,md5
BFA54CCC770DCCE8FD4929B7C1176470,md5
848775BAB0801E5BB15B33FA4FCA573C,md5
8F64E917FEBEA4AB178F7D21A7E220FE,md5
8FF4DC8A2EBFD5EEA11A38877BD4F2DF,md5
5C5C2C06DECA8212EB71D2CC7F0D23E9,md5
7EAE5684E4B4BF44E36F2810C86FCD33,md5
e29d1f5d79cd906f75c88177c7f6168e,md5
12499311682e914b703a8669ce05fa4d,md5
bcf823eeee02967b49b764e22319c79f,md5
A7F7A0F74C8B48F1699858B3B6C11EDA,md5
AEEE996FD3484F28E5CD85FE26B6BDCD,md5
65fcc51f70b2213bce4d39de56646795fd62d169,SHA1
efdef52f017eaac4843aab506a39ac2dbf96aee5,SHA1
a602b03555a505cfcfc4b5f4f716b2ba88ed4cd8,SHA1
64f0ac82ccc4a6def48d5f9079b7c146126c6464,SHA1
3d36e477643375030431301abaccb8287b2eecce,SHA1
f9b72a2802d2a7ff33fd2d4bbcf41188724fcaa8,SHA1
c8791bcebaea85e9129e706b22e3bda43f762e4a,SHA1
b45d63d4d952e9a0715583f97a2d9edeb45ae74e,SHA1
092de09e2f346b81a84113734964ad10284f142d,SHA1
5388520f80c6ca3038445ebb3d6a51f3d90bf717,SHA1
509f959f92210d8dd40710ba34548ae960864754,SHA1
0d2b07df600285d1d8c49938bc2f79ad3eef5c77,SHA1
793986fb79bc66807e28f233b52efa7c315862c8,SHA1
96489f3e5d8bfeb3a75250017191277e2d5d0bae,SHA1
f2943f5e45befa52fb12748ca7171d30096e1d4fc3c365561497c618341299d5,SHA256
72a28efb6e32e653b656ca32ccd44b3111145a695f6f6161965deebbdc437076,SHA256
9b97290300abb68fb48480718e6318ee2cdd4f099aa6438010fb2f44803e0b58,SHA256
2f159b71183a69928ba8f26b76772ec504aefeac71021b012bd006162e133731,SHA256
070d7082a5abe1112615877214ec82241fd17e5bd465e24d794a470f699af88e,SHA256
fcc093a79fae9b92e69c99bb28f9ae12939e4e1327a371eeac9207e346eccdb4,SHA256
768:iRCfDUNMlhl80TrHo7YAoEDjAnXTcK8ZU9qZU9PmTb0yQUNJ:i+D3RLo7Y1ozptwQNJ,SSDEEP
96:UokaYaEWa2aG26RmGnNWLS0OTf3Yzm2f/4m/tO3hkPXW6Wv59a0SNm98Xv:UZf6ZNWLS0OL3Yzm2n4KckPG6S90uiv,SSDEEP
3072:YnNhgA2YcTOFFvik/VZMaqM3M/cmlTSdvN/xR3M5KuYktpJhErxNWNfamTQGfBsf:k2DTOji8IM8/vCxLM5lXhEmTpfCJVoBQ,SSDEEP
64f0ac82ccc4a6def48d5f9079b7c146126c6464,SSDEEP
3d36e477643375030431301abaccb8287b2eecce,SSDEEP
f9b72a2802d2a7ff33fd2d4bbcf41188724fcaa8,SSDEEP
c8791bcebaea85e9129e706b22e3bda43f762e4a,SSDEEP
b45d63d4d952e9a0715583f97a2d9edeb45ae74e,SSDEEP
24576:8ehp+MLzB2M6ewgsKR2/sNl+BNsjJX34grzNkHAgjZgC4bGB9qsY:Hh7LwoR9Nl+irygoYbGB9qs,SSDEEP
192:W6+ixcZOnxue/Zp1vS1uUAQRNQQjiTNZFx2NRWCZNBLTSNGaM6NMeM8SkY69mZM3:3jxcZOnxu4p1qBAgAWvag621oign,SSDEEP
384:M60E5y1gJDnmiekDuxsW9EMmbWAvFit2w8KXvtmRFU9fDMti+MDHikDtYL30oJ:M60E5qgtWCbDvFOt/sFU9WjL3XJ,SSDEEP
384:JjfbWoIQv8NiOTXTZu2qXymF7VrEr3QtSEXE+Jo:BfbLIQsByEF,SSDEEP
96:hDrKygLnAhjMbU7wUNsJzzrNXKyysV5d0b:hDmyg3w77Ns5nNaEK,SSDEEP
768:nnUWy2YE7z0E9WwS/O0CHMBKXEjeS5TgfX/XZVNGzx:UWy2r7bt0IMBKXEj9TgfX/JV,SSDEEP
6144:P3xUxs8qpZ5gB8zo35Gm0bLsSWpa9IP8F9/xZbbSxk:P+xs8Xio3ZOWpaSmpxZYk,SSDEEP
s.exe,filenames
d.js,filenames
Document.lnk,filenames
n.zip,filenames
SD.bat,filenames
list.txt,filenames
Inveigh-Relay.ps1,filenames
Inveigh.ps1,filenames
svcsrv.bat,filenames
ntdll.exe,filenames
notepad.exe.lnk,filenames
SETROUTE.lnk,filenames
ASREPRoast.ps1,filenames
calc.exe,filenames
dit.bat,filenames
Get-GPPPassword.ps1,filenames
global.aspx,filenames
inst.exe,filenames
install.bat,filenames
Invoke-Kerberoast.ps1,filenames
mk64.zip,filenames
ms.ps1,filenames
PowerView.ps1,filenames
pps.bat,filenames
pps.exe,filenames
scr.exe,filenames
t.exe,filenames
upd.bat,filenames
CV Controls Engineer.docx,filenames
CV Control Engeneer.docx,filenames
CV Jon Patrick.docx,filenames
Controls Engineer.docx,filenames
Controls Engineer.docx,filenames
High R-Value Energy.docx,filenames
CV_Jon_Patrick.docx,filenames
CV Jon Patrick.docx,filenames
CV_Jon_Patrick.docx,filenames
Build Hydroelectric Turbine.docx,filenames
Resume_Key_And_Personal.docx,filenames
CV_Jon_Patrick.docx,filenames
CV_Jon_Patrick.docx,filenames
Controls Engineer (2).docx,filenames
Controls Engineer (4).docx,filenames
Controls Engineer (7).docx,filenames
Controls Engineer (3).docx,filenames
Controls Engineer (5).docx,filenames
Controls Engineer (8).docx,filenames
Controls Engineeer.docx,filenames
Report03-23-2017.docx,filenames
corp_rules(2016).docx,filenames
corp_rules(2016).docx,filenames
invite.docx,filenames
Controls  Engineer.docx,filenames
corp_rules(2016).docx,filenames
corp_rules(2016).docx,filenames
invite.docx,filenames
x.txt,filenames
~1171694.dll,filenames
mozilla.exe,filenames
d.txt,filenames
httpconf.aspx,filenames
zervit32,filenames
Chromex64.exe,filenames
s.txt.lnk,filenames
''Document.pdf,filenames
header.php,filenames
ex_check.py,filenames
symantec_help.jsp,filenames
enu.cmd,filenames
ps.exe,filenames
cfemedia.com,FQDN
grand-central.net,FQDN
oilandgaseng.com,FQDN
plantengineering.com,FQDN
cfemedia.gcnpublishing.com ,FQDN
controleng.com,FQDN
